file,pages,chars,chars_per_page,empty_frac,class,note
КР1003_1.pdf,33,0,0.0,1.0,SKIPPED_SCAN,
КР205_2.pdf,25,0,0.0,1.0,SKIPPED_SCAN,
КР206_2.pdf,26,0,0.0,1.0,SKIPPED_SCAN,
КР223_2.pdf,50,0,0.0,1.0,SKIPPED_SCAN,
КР270_2.pdf,68,0,0.0,1.0,SKIPPED_SCAN,
КР401_2.pdf,70,0,0.0,1.0,SKIPPED_SCAN,
КР408_2.pdf,97,0,0.0,1.0,SKIPPED_SCAN,
КР568_2.pdf,49,0,0.0,1.0,SKIPPED_SCAN,
КР570_2.pdf,55,0,0.0,1.0,SKIPPED_SCAN,
КР571_2.pdf,145,0,0.0,1.0,SKIPPED_SCAN,
КР620_3.pdf,46,0,0.0,1.0,SKIPPED_SCAN,
КР632_2.pdf,47,0,0.0,1.0,SKIPPED_SCAN,
КР633_2.pdf,40,0,0.0,1.0,SKIPPED_SCAN,
КР711_2.pdf,78,0,0.0,1.0,SKIPPED_SCAN,
КР738_2.pdf,44,0,0.0,1.0,SKIPPED_SCAN,
КР751_1.pdf,29,0,0.0,1.0,SKIPPED_SCAN,
КР927_1.pdf,95,0,0.0,1.0,SKIPPED_SCAN,
КР939_1.pdf,179,0,0.0,1.0,SKIPPED_SCAN,
КР953_1.pdf,108,0,0.0,1.0,SKIPPED_SCAN,
КР961_1.pdf,104,0,0.0,1.0,SKIPPED_SCAN,
КР973_1.pdf,46,0,0.0,1.0,SKIPPED_SCAN,
КР875_1.pdf,63,6135,97.4,0.762,LOW_TEXT_REVIEW,
КР833_1.pdf,38,30511,802.9,0.026,OK,
КР200_3.pdf,19,15990,841.6,0.105,OK,
КР173_2.pdf,36,32266,896.3,0.056,OK,
КР18_2.pdf,37,33621,908.7,0.054,OK,
КР595_3.pdf,51,49276,966.2,0.039,OK,
КР913_1.pdf,24,23695,987.3,0.083,OK,
КР474_2.pdf,49,48423,988.2,0.143,OK,
КР630_2.pdf,38,38546,1014.4,0.079,OK,
КР733_2.pdf,24,24395,1016.5,0.0,OK,
КР848_1.pdf,43,43789,1018.3,0.023,OK,
КР775_1.pdf,53,54159,1021.9,0.038,OK,
КР996_1.pdf,18,18585,1032.5,0.111,OK,
КР185_3.pdf,42,43620,1038.6,0.024,OK,
КР985_1.pdf,21,21881,1042.0,0.0,OK,
КР174_3.pdf,44,45872,1042.5,0.114,OK,
КР220_2.pdf,22,22988,1044.9,0.045,OK,
КР781_1.pdf,23,24167,1050.7,0.043,OK,
КР627_3.pdf,98,105972,1081.3,0.031,OK,
КР776_1.pdf,48,51988,1083.1,0.021,OK,
КР790_1.pdf,62,67191,1083.7,0.129,OK,
КР274_3.pdf,48,52302,1089.6,0.083,OK,
КР75_2.pdf,62,67712,1092.1,0.032,OK,
КР224_2.pdf,28,30592,1092.6,0.071,OK,
КР1038_1.pdf,49,53584,1093.6,0.041,OK,
КР976_1.pdf,30,32868,1095.6,0.033,OK,
КР920_1.pdf,25,27877,1115.1,0.04,OK,
КР212_2.pdf,30,33625,1120.8,0.067,OK,
КР663_2.pdf,28,31482,1124.4,0.036,OK,
КР803_1.pdf,46,51920,1128.7,0.043,OK,
КР34_3.pdf,48,54672,1139.0,0.042,OK,
КР581_2.pdf,34,38968,1146.1,0.029,OK,
КР177_5.pdf,56,64437,1150.7,0.0,OK,
КР684_2.pdf,76,87489,1151.2,0.013,OK,
КР755_1.pdf,45,51813,1151.4,0.044,OK,
КР215_3.pdf,33,38080,1153.9,0.03,OK,
КР284_2.pdf,73,84278,1154.5,0.041,OK,
КР935_1.pdf,30,34723,1157.4,0.067,OK,
КР645_2.pdf,48,55707,1160.6,0.021,OK,
КР765_1.pdf,26,30272,1164.3,0.0,OK,
КР315_4.pdf,51,59798,1172.5,0.059,OK,
КР764_1.pdf,32,37945,1185.8,0.0,OK,
КР702_2.pdf,46,54708,1189.3,0.043,OK,
КР792_1.pdf,25,29822,1192.9,0.04,OK,
КР259_2.pdf,62,74132,1195.7,0.065,OK,
КР712_2.pdf,56,67088,1198.0,0.0,OK,
КР766_1.pdf,57,68406,1200.1,0.018,OK,
КР182_3.pdf,44,52817,1200.4,0.045,OK,
КР686_3.pdf,55,66127,1202.3,0.0,OK,
КР909_1.pdf,31,37347,1204.7,0.065,OK,
КР626_2.pdf,60,72320,1205.3,0.033,OK,
КР710_2.pdf,87,104961,1206.4,0.0,OK,
КР257_2.pdf,46,55603,1208.8,0.022,OK,
КР624_2.pdf,49,59259,1209.4,0.041,OK,
КР907_1.pdf,31,37524,1210.5,0.065,OK,
КР397_3.pdf,61,74168,1215.9,0.0,OK,
КР789_1.pdf,60,72996,1216.6,0.017,OK,
КР172_3.pdf,49,59631,1217.0,0.02,OK,
КР289_2.pdf,49,59661,1217.6,0.02,OK,
КР697_2.pdf,46,56045,1218.4,0.043,OK,
КР719_2.pdf,53,64589,1218.7,0.019,OK,
КР304_2.pdf,31,37808,1219.6,0.065,OK,
КР231_2.pdf,30,36650,1221.7,0.067,OK,
КР986_1.pdf,23,28138,1223.4,0.0,OK,
КР643_2.pdf,49,60120,1226.9,0.041,OK,
КР664_2.pdf,42,51927,1236.4,0.048,OK,
КР71_3.pdf,66,81642,1237.0,0.0,OK,
КР918_1.pdf,36,44553,1237.6,0.0,OK,
КР797_1.pdf,54,67042,1241.5,0.0,OK,
КР917_1.pdf,40,49670,1241.8,0.05,OK,
КР984_1.pdf,45,56001,1244.5,0.022,OK,
КР722_2.pdf,69,86090,1247.7,0.029,OK,
КР597_3.pdf,60,74921,1248.7,0.017,OK,
КР47_3.pdf,57,71194,1249.0,0.018,OK,
КР734_2.pdf,33,41261,1250.3,0.03,OK,
КР786_1.pdf,33,41279,1250.9,0.061,OK,
КР106_2.pdf,49,61406,1253.2,0.041,OK,
КР452_3.pdf,43,53904,1253.6,0.0,OK,
КР991_1.pdf,33,41408,1254.8,0.061,OK,
КР3_2.pdf,68,85400,1255.9,0.044,OK,
КР956_1.pdf,36,45228,1256.3,0.0,OK,
КР774_1.pdf,55,69192,1258.0,0.036,OK,
КР924_1.pdf,50,62948,1259.0,0.12,OK,
КР1013_1.pdf,29,36531,1259.7,0.069,OK,
КР685_2.pdf,73,92078,1261.3,0.014,OK,
КР842_1.pdf,37,46692,1261.9,0.027,OK,
КР828_1.pdf,40,50704,1267.6,0.025,OK,
КР1035_1.pdf,37,47155,1274.5,0.081,OK,
КР17_2.pdf,52,66668,1282.1,0.019,OK,
КР769_1.pdf,71,91148,1283.8,0.014,OK,
КР216_2.pdf,34,43766,1287.2,0.059,OK,
КР309_2.pdf,37,47634,1287.4,0.054,OK,
КР196_2.pdf,38,48955,1288.3,0.026,OK,
КР809_1.pdf,110,142346,1294.1,0.009,OK,
КР947_1.pdf,36,46599,1294.4,0.0,OK,
КР916_1.pdf,40,51878,1297.0,0.05,OK,
КР647_2.pdf,39,50815,1302.9,0.026,OK,
КР683_2.pdf,50,65275,1305.5,0.04,OK,
КР642_2.pdf,60,78403,1306.7,0.017,OK,
КР1007_1.pdf,25,32673,1306.9,0.0,OK,
КР183_3.pdf,61,79891,1309.7,0.033,OK,
КР753_1.pdf,200,262097,1310.5,0.01,OK,
КР811_1.pdf,51,66850,1310.8,0.0,OK,
КР677_1.pdf,56,73595,1314.2,0.0,OK,
КР27_2.pdf,66,86774,1314.8,0.0,OK,
КР768_1.pdf,55,72507,1318.3,0.018,OK,
КР575_3.pdf,47,62074,1320.7,0.043,OK,
КР74_2.pdf,99,130749,1320.7,0.101,OK,
КР779_1.pdf,33,43713,1324.6,0.0,OK,
КР950_1.pdf,34,45115,1326.9,0.029,OK,
КР540_3.pdf,25,33177,1327.1,0.0,OK,
КР800_1.pdf,51,67696,1327.4,0.0,OK,
КР625_2.pdf,51,67761,1328.6,0.02,OK,
КР21_3.pdf,44,58498,1329.5,0.023,OK,
КР695_2.pdf,101,134295,1329.7,0.02,OK,
КР784_1.pdf,55,73164,1330.3,0.036,OK,
КР788_1.pdf,62,82518,1330.9,0.016,OK,
КР652_2.pdf,40,53334,1333.3,0.05,OK,
КР974_1.pdf,32,42675,1333.6,0.031,OK,
КР901_1.pdf,67,89426,1334.7,0.03,OK,
КР622_5.pdf,68,90785,1335.1,0.029,OK,
КР820_1.pdf,54,72171,1336.5,0.093,OK,
КР987_1.pdf,29,38820,1338.6,0.034,OK,
КР812_1.pdf,36,48281,1341.1,0.028,OK,
КР989_1.pdf,45,60435,1343.0,0.0,OK,
КР990_1.pdf,16,21488,1343.0,0.062,OK,
КР815_1.pdf,42,56486,1344.9,0.024,OK,
КР344_2.pdf,59,79378,1345.4,0.017,OK,
КР906_1.pdf,43,57861,1345.6,0.047,OK,
КР653_1.pdf,55,74016,1345.7,0.055,OK,
КР494_3.pdf,74,99705,1347.4,0.041,OK,
КР930_1.pdf,43,58021,1349.3,0.047,OK,
КР898_1.pdf,159,214981,1352.1,0.013,OK,
КР703_2.pdf,47,63588,1352.9,0.043,OK,
КР317_2.pdf,75,101522,1353.6,0.013,OK,
КР962_1.pdf,38,51438,1353.6,0.026,OK,
КР92_2.pdf,64,86651,1353.9,0.062,OK,
КР314_3.pdf,48,65099,1356.2,0.021,OK,
КР178_2.pdf,62,84151,1357.3,0.016,OK,
КР149_2.pdf,45,61132,1358.5,0.0,OK,
КР241_3.pdf,32,43487,1359.0,0.0,OK,
КР1040_1.pdf,48,65414,1362.8,0.042,OK,
КР191_2.pdf,54,73619,1363.3,0.019,OK,
КР266_2.pdf,32,43714,1366.1,0.062,OK,
КР451_3.pdf,217,296607,1366.9,0.032,OK,
КР808_1.pdf,50,68564,1371.3,0.02,OK,
КР681_2.pdf,81,111088,1371.5,0.049,OK,
КР127_2.pdf,65,89280,1373.5,0.031,OK,
КР760_1.pdf,68,94018,1382.6,0.0,OK,
КР629_2.pdf,35,48410,1383.1,0.0,OK,
КР222_2.pdf,34,47091,1385.0,0.029,OK,
КР194_2.pdf,42,58202,1385.8,0.0,OK,
КР922_1.pdf,42,58250,1386.9,0.048,OK,
КР810_1.pdf,39,54096,1387.1,0.026,OK,
КР232_2.pdf,39,54117,1387.6,0.026,OK,
КР720_2.pdf,57,79147,1388.5,0.018,OK,
КР405_3.pdf,69,95864,1389.3,0.029,OK,
КР672_2.pdf,68,94511,1389.9,0.015,OK,
КР679_2.pdf,50,69497,1389.9,0.0,OK,
КР8_2.pdf,65,90560,1393.2,0.015,OK,
КР330_2.pdf,55,76640,1393.5,0.0,OK,
КР992_1.pdf,41,57174,1394.5,0.049,OK,
КР555_3.pdf,102,142251,1394.6,0.02,OK,
КР993_1.pdf,20,27899,1395.0,0.05,OK,
КР610_2.pdf,120,167483,1395.7,0.008,OK,
КР883_1.pdf,116,162018,1396.7,0.0,OK,
КР1042_1.pdf,53,74058,1397.3,0.038,OK,
КР635_2.pdf,37,51703,1397.4,0.054,OK,
КР938_1.pdf,57,79664,1397.6,0.018,OK,
КР740_3.pdf,64,89452,1397.7,0.062,OK,
КР944_1.pdf,56,78339,1398.9,0.018,OK,
КР1044_1.pdf,33,46191,1399.7,0.03,OK,
КР813_1.pdf,47,65810,1400.2,0.043,OK,
КР103_3.pdf,40,56013,1400.3,0.025,OK,
КР596_3.pdf,33,46232,1401.0,0.03,OK,
КР619_3.pdf,138,193332,1401.0,0.007,OK,
КР218_2.pdf,36,50444,1401.2,0.028,OK,
КР387_3.pdf,90,126163,1401.8,0.011,OK,
КР650_2.pdf,119,166846,1402.1,0.034,OK,
КР834_1.pdf,47,65928,1402.7,0.021,OK,
КР952_1.pdf,47,65948,1403.1,0.021,OK,
КР742_1.pdf,54,75874,1405.1,0.019,OK,
КР1030_1.pdf,40,56224,1405.6,0.025,OK,
КР598_3.pdf,79,111057,1405.8,0.0,OK,
КР175_3.pdf,35,49211,1406.0,0.029,OK,
КР76_2.pdf,186,261695,1407.0,0.005,OK,
КР908_1.pdf,72,101301,1407.0,0.028,OK,
КР977_1.pdf,39,54875,1407.1,0.051,OK,
КР929_1.pdf,41,57750,1408.5,0.049,OK,
КР263_2.pdf,35,49305,1408.7,0.0,OK,
КР332_2.pdf,50,70450,1409.0,0.0,OK,
КР108_2.pdf,42,59186,1409.2,0.048,OK,
КР623_5.pdf,34,47961,1410.6,0.0,OK,
КР718_2.pdf,64,90296,1410.9,0.031,OK,
КР967_1.pdf,47,66329,1411.3,0.0,OK,
КР670_2.pdf,44,62138,1412.2,0.023,OK,
КР450_3.pdf,70,98880,1412.6,0.014,OK,
КР771_1.pdf,53,74899,1413.2,0.0,OK,
КР325_2.pdf,52,73501,1413.5,0.0,OK,
КР937_1.pdf,62,87681,1414.2,0.0,OK,
КР32_2.pdf,65,91941,1414.5,0.015,OK,
КР648_2.pdf,68,96290,1416.0,0.015,OK,
КР475_3.pdf,80,113299,1416.2,0.037,OK,
КР954_1.pdf,42,59489,1416.4,0.024,OK,
КР660_2.pdf,50,70954,1419.1,0.0,OK,
КР313_3.pdf,49,69595,1420.3,0.041,OK,
КР518_3.pdf,47,66895,1423.3,0.0,OK,
КР213_3.pdf,46,65566,1425.3,0.043,OK,
КР297_2.pdf,83,118432,1426.9,0.0,OK,
КР704_2.pdf,30,42808,1426.9,0.033,OK,
КР794_1.pdf,47,67115,1428.0,0.021,OK,
КР116_2.pdf,67,95786,1429.6,0.03,OK,
КР881_1.pdf,98,140115,1429.7,0.0,OK,
КР385_3.pdf,68,97365,1431.8,0.0,OK,
КР553_2.pdf,91,130325,1432.1,0.033,OK,
КР885_1.pdf,54,77365,1432.7,0.019,OK,
КР1027_1.pdf,60,86052,1434.2,0.017,OK,
КР354_2.pdf,70,100404,1434.3,0.014,OK,
КР375_3.pdf,66,94705,1434.9,0.015,OK,
КР340_2.pdf,68,97610,1435.4,0.059,OK,
КР406_3.pdf,71,101950,1435.9,0.0,OK,
КР35_2.pdf,69,99093,1436.1,0.029,OK,
КР448_4.pdf,127,182678,1438.4,0.016,OK,
КР360_3.pdf,45,64742,1438.7,0.0,OK,
КР388_3.pdf,70,100746,1439.2,0.029,OK,
КР865_1.pdf,39,56129,1439.2,0.0,OK,
КР1036_1.pdf,55,79253,1441.0,0.018,OK,
КР807_1.pdf,80,115400,1442.5,0.013,OK,
КР825_1.pdf,34,49051,1442.7,0.0,OK,
КР139_2.pdf,141,203440,1442.8,0.007,OK,
КР644_2.pdf,62,89451,1442.8,0.0,OK,
КР1012_1.pdf,48,69265,1443.0,0.062,OK,
КР735_1.pdf,69,99632,1443.9,0.043,OK,
КР628_2.pdf,75,108375,1445.0,0.0,OK,
КР1018_1.pdf,55,79487,1445.2,0.091,OK,
КР238_2.pdf,55,79485,1445.2,0.0,OK,
КР890_1.pdf,37,53479,1445.4,0.027,OK,
КР822_1.pdf,32,46280,1446.2,0.0,OK,
КР329_2.pdf,71,102703,1446.5,0.0,OK,
КР910_1.pdf,65,94043,1446.8,0.0,OK,
КР294_2.pdf,77,111500,1448.1,0.013,OK,
КР4_2.pdf,90,130466,1449.6,0.022,OK,
КР673_2.pdf,57,82641,1449.8,0.0,OK,
КР838_1.pdf,80,115988,1449.8,0.013,OK,
КР780_1.pdf,125,181304,1450.4,0.064,OK,
КР772_1.pdf,40,58074,1451.8,0.0,OK,
КР456_3.pdf,140,203427,1453.0,0.021,OK,
КР306_3.pdf,55,79953,1453.7,0.018,OK,
КР840_1.pdf,76,110482,1453.7,0.013,OK,
КР979_1.pdf,50,72700,1454.0,0.04,OK,
КР661_2.pdf,43,62544,1454.5,0.0,OK,
КР856_1.pdf,67,97520,1455.5,0.0,OK,
КР804_1.pdf,41,59685,1455.7,0.0,OK,
КР893_1.pdf,65,94707,1457.0,0.015,OK,
КР482_2.pdf,129,188027,1457.6,0.008,OK,
КР25_2.pdf,44,64145,1457.8,0.023,OK,
КР767_1.pdf,76,110810,1458.0,0.0,OK,
КР246_3.pdf,56,81705,1459.0,0.0,OK,
КР179_3.pdf,55,80255,1459.2,0.0,OK,
КР107_2.pdf,53,77363,1459.7,0.038,OK,
КР497_2.pdf,64,93422,1459.7,0.031,OK,
КР748_2.pdf,151,220825,1462.4,0.007,OK,
КР802_1.pdf,50,73131,1462.6,0.0,OK,
КР539_2.pdf,40,58540,1463.5,0.075,OK,
КР694_2.pdf,131,191782,1464.0,0.008,OK,
КР783_1.pdf,56,82033,1464.9,0.018,OK,
КР791_1.pdf,89,130374,1464.9,0.011,OK,
КР951_1.pdf,43,63047,1466.2,0.023,OK,
КР928_1.pdf,43,63073,1466.8,0.023,OK,
КР829_1.pdf,71,104166,1467.1,0.014,OK,
КР150_3.pdf,52,76355,1468.4,0.038,OK,
КР114_3.pdf,47,69022,1468.6,0.0,OK,
КР966_1.pdf,53,77962,1471.0,0.038,OK,
КР15_3.pdf,38,55902,1471.1,0.026,OK,
КР267_2.pdf,79,116395,1473.4,0.0,OK,
КР696_2.pdf,110,162135,1474.0,0.036,OK,
КР483_3.pdf,84,123892,1474.9,0.024,OK,
КР526_2.pdf,89,131358,1475.9,0.011,OK,
КР955_1.pdf,49,72330,1476.1,0.0,OK,
КР145_3.pdf,57,84160,1476.5,0.0,OK,
КР796_1.pdf,47,69441,1477.5,0.0,OK,
КР117_3.pdf,93,137498,1478.5,0.0,OK,
КР229_3.pdf,79,116811,1478.6,0.051,OK,
КР879_1.pdf,69,102069,1479.3,0.014,OK,
КР931_1.pdf,57,84321,1479.3,0.0,OK,
КР782_1.pdf,81,119914,1480.4,0.086,OK,
КР1034_1.pdf,46,68101,1480.5,0.022,OK,
КР119_3.pdf,83,122937,1481.2,0.0,OK,
КР197_2.pdf,85,126023,1482.6,0.012,OK,
КР331_2.pdf,66,97866,1482.8,0.03,OK,
КР933_1.pdf,52,77189,1484.4,0.019,OK,
КР551_3.pdf,70,103922,1484.6,0.014,OK,
КР752_1.pdf,103,152941,1484.9,0.0,OK,
КР700_3.pdf,53,78749,1485.8,0.038,OK,
КР971_1.pdf,56,83225,1486.2,0.018,OK,
КР37_2.pdf,109,162026,1486.5,0.0,OK,
КР969_1.pdf,73,108566,1487.2,0.0,OK,
КР739_2.pdf,191,284418,1489.1,0.016,OK,
КР805_1.pdf,46,68509,1489.3,0.0,OK,
КР915_1.pdf,90,134258,1491.8,0.044,OK,
КР563_2.pdf,48,71610,1491.9,0.021,OK,
КР146_2.pdf,56,83556,1492.1,0.018,OK,
КР129_3.pdf,167,249222,1492.3,0.012,OK,
КР82_3.pdf,91,135808,1492.4,0.022,OK,
КР957_1.pdf,66,98505,1492.5,0.015,OK,
КР369_2.pdf,40,59748,1493.7,0.025,OK,
КР409_3.pdf,69,103177,1495.3,0.014,OK,
КР1026_1.pdf,62,92713,1495.4,0.016,OK,
КР134_2.pdf,80,119770,1497.1,0.025,OK,
КР531_4.pdf,35,52404,1497.3,0.0,OK,
КР657_2.pdf,40,59894,1497.3,0.0,OK,
КР756_1.pdf,40,59924,1498.1,0.025,OK,
КР827_1.pdf,55,82403,1498.2,0.0,OK,
КР281_3.pdf,53,79410,1498.3,0.0,OK,
КР887_1.pdf,40,59943,1498.6,0.05,OK,
КР891_1.pdf,41,61501,1500.0,0.0,OK,
КР250_3.pdf,120,180202,1501.7,0.0,OK,
КР824_1.pdf,62,93106,1501.7,0.032,OK,
КР965_1.pdf,58,87190,1503.3,0.034,OK,
КР895_1.pdf,251,377459,1503.8,0.008,OK,
КР352_3.pdf,54,81285,1505.3,0.019,OK,
КР785_1.pdf,37,55715,1505.8,0.0,OK,
КР260_2.pdf,62,93497,1508.0,0.0,OK,
КР144_2.pdf,89,134266,1508.6,0.011,OK,
КР932_1.pdf,76,114652,1508.6,0.013,OK,
КР78_2.pdf,228,344176,1509.5,0.009,OK,
КР896_1.pdf,62,93649,1510.5,0.048,OK,
КР377_2.pdf,99,149563,1510.7,0.0,OK,
КР249_2.pdf,65,98219,1511.1,0.031,OK,
КР67_2.pdf,132,199577,1511.9,0.03,OK,
КР818_1.pdf,50,75604,1512.1,0.06,OK,
КР1017_1.pdf,39,59022,1513.4,0.026,OK,
КР97_2.pdf,61,92399,1514.7,0.0,OK,
КР502_2.pdf,78,118282,1516.4,0.013,OK,
КР115_2.pdf,72,109215,1516.9,0.014,OK,
КР858_1.pdf,61,92537,1517.0,0.016,OK,
КР600_2.pdf,76,115312,1517.3,0.013,OK,
КР871_1.pdf,71,107744,1517.5,0.028,OK,
КР188_3.pdf,31,47045,1517.6,0.032,OK,
КР936_1.pdf,103,156347,1517.9,0.01,OK,
КР16_4.pdf,251,381340,1519.3,0.008,OK,
КР455_3.pdf,148,224857,1519.3,0.02,OK,
КР541_2.pdf,76,115475,1519.4,0.0,OK,
КР9_3.pdf,35,53216,1520.5,0.029,OK,
КР588_3.pdf,60,91273,1521.2,0.017,OK,
КР495_2.pdf,80,121746,1521.8,0.013,OK,
КР662_2.pdf,44,67038,1523.6,0.0,OK,
КР836_1.pdf,41,62482,1524.0,0.0,OK,
КР925_1.pdf,45,68593,1524.3,0.044,OK,
КР10_5.pdf,145,221407,1526.9,0.007,OK,
КР946_1.pdf,79,120636,1527.0,0.013,OK,
КР618_3.pdf,74,113048,1527.7,0.0,OK,
КР1024_1.pdf,171,261282,1528.0,0.012,OK,
КР754_1.pdf,61,93223,1528.2,0.0,OK,
КР831_1.pdf,51,77946,1528.4,0.02,OK,
КР346_2.pdf,47,71899,1529.8,0.043,OK,
КР601_2.pdf,51,78026,1529.9,0.059,OK,
КР130_2.pdf,87,133155,1530.5,0.023,OK,
КР902_1.pdf,55,84269,1532.2,0.036,OK,
КР884_1.pdf,56,85858,1533.2,0.018,OK,
КР975_1.pdf,24,36817,1534.0,0.083,OK,
КР617_5.pdf,330,506499,1534.8,0.045,OK,
КР869_1.pdf,81,124331,1535.0,0.037,OK,
КР886_1.pdf,45,69082,1535.2,0.022,OK,
КР46_2.pdf,50,76766,1535.3,0.0,OK,
КР892_1.pdf,64,98411,1537.7,0.016,OK,
КР535_2.pdf,61,93824,1538.1,0.066,OK,
КР912_1.pdf,99,152268,1538.1,0.03,OK,
КР905_1.pdf,65,99999,1538.4,0.031,OK,
КР586_3.pdf,102,156951,1538.7,0.029,OK,
КР516_3.pdf,89,136977,1539.1,0.011,OK,
КР587_2.pdf,44,67790,1540.7,0.023,OK,
КР136_2.pdf,128,197241,1540.9,0.0,OK,
КР798_1.pdf,47,72438,1541.2,0.043,OK,
КР131_2.pdf,122,188098,1541.8,0.025,OK,
КР778_1.pdf,53,81743,1542.3,0.019,OK,
КР983_1.pdf,101,155897,1543.5,0.01,OK,
КР988_1.pdf,153,236253,1544.1,0.007,OK,
КР132_2.pdf,94,145265,1545.4,0.011,OK,
КР392_3.pdf,93,143806,1546.3,0.043,OK,
КР770_1.pdf,66,102098,1546.9,0.015,OK,
КР347_2.pdf,71,109846,1547.1,0.014,OK,
КР112_2.pdf,68,105223,1547.4,0.044,OK,
КР978_1.pdf,71,109911,1548.0,0.014,OK,
КР654_2.pdf,135,209030,1548.4,0.022,OK,
КР562_3.pdf,75,116195,1549.3,0.0,OK,
КР529_2.pdf,278,431238,1551.2,0.018,OK,
КР793_1.pdf,94,145835,1551.4,0.021,OK,
КР866_1.pdf,60,93091,1551.5,0.017,OK,
КР750_1.pdf,121,187791,1552.0,0.0,OK,
КР900_1.pdf,99,153867,1554.2,0.0,OK,
КР234_2.pdf,78,121296,1555.1,0.0,OK,
КР532_5.pdf,75,116634,1555.1,0.0,OK,
КР396_4.pdf,118,183586,1555.8,0.0,OK,
КР44_3.pdf,61,94956,1556.7,0.0,OK,
КР11_3.pdf,126,196170,1556.9,0.008,OK,
КР170_3.pdf,102,158880,1557.6,0.02,OK,
КР726_2.pdf,91,141896,1559.3,0.088,OK,
КР380_3.pdf,80,124822,1560.3,0.025,OK,
КР801_1.pdf,73,113902,1560.3,0.014,OK,
КР669_2.pdf,56,87388,1560.5,0.018,OK,
КР261_2.pdf,88,137337,1560.6,0.023,OK,
КР959_1.pdf,54,84292,1561.0,0.019,OK,
КР162_3.pdf,66,103034,1561.1,0.015,OK,
КР777_1.pdf,57,88997,1561.4,0.018,OK,
КР1033_1.pdf,194,303414,1564.0,0.0,OK,
КР861_1.pdf,51,79786,1564.4,0.0,OK,
КР537_3.pdf,78,122035,1564.6,0.013,OK,
КР382_2.pdf,244,381894,1565.1,0.004,OK,
КР862_1.pdf,44,68879,1565.4,0.0,OK,
КР942_1.pdf,79,123673,1565.5,0.038,OK,
КР911_1.pdf,74,115888,1566.1,0.014,OK,
КР264_2.pdf,99,155105,1566.7,0.02,OK,
КР894_1.pdf,79,123819,1567.3,0.0,OK,
КР1011_1.pdf,27,42346,1568.4,0.0,OK,
КР817_1.pdf,35,54893,1568.4,0.029,OK,
КР585_2.pdf,99,155320,1568.9,0.02,OK,
КР109_2.pdf,88,138081,1569.1,0.011,OK,
КР460_4.pdf,80,125570,1569.6,0.013,OK,
КР832_2.pdf,43,67497,1569.7,0.047,OK,
КР151_2.pdf,99,155421,1569.9,0.01,OK,
КР849_1.pdf,52,81638,1570.0,0.0,OK,
КР301_3.pdf,125,196391,1571.1,0.024,OK,
КР291_2.pdf,77,121062,1572.2,0.026,OK,
КР457_3.pdf,121,190295,1572.7,0.017,OK,
КР590_2.pdf,59,92963,1575.6,0.034,OK,
КР668_2.pdf,95,149764,1576.5,0.011,OK,
КР676_2.pdf,43,67801,1576.8,0.0,OK,
КР567_2.pdf,74,116695,1577.0,0.027,OK,
КР675_2.pdf,163,257056,1577.0,0.0,OK,
КР934_1.pdf,148,233402,1577.0,0.0,OK,
КР799_1.pdf,42,66318,1579.0,0.0,OK,
КР58_2.pdf,72,113698,1579.1,0.028,OK,
КР872_1.pdf,53,83849,1582.1,0.019,OK,
КР1002_1.pdf,70,110771,1582.4,0.014,OK,
КР287_3.pdf,96,152065,1584.0,0.01,OK,
КР402_2.pdf,68,107756,1584.6,0.029,OK,
КР889_1.pdf,93,147385,1584.8,0.022,OK,
КР524_3.pdf,72,114116,1584.9,0.0,OK,
КР153_2.pdf,135,214046,1585.5,0.015,OK,
КР28_3.pdf,71,112613,1586.1,0.056,OK,
КР295_4.pdf,92,145961,1586.5,0.011,OK,
КР290_2.pdf,251,398559,1587.9,0.004,OK,
КР501_2.pdf,56,88930,1588.0,0.036,OK,
КР839_1.pdf,50,79415,1588.3,0.02,OK,
КР68_2.pdf,157,249437,1588.8,0.0,OK,
КР746_2.pdf,148,235185,1589.1,0.007,OK,
КР603_3.pdf,120,190751,1589.6,0.008,OK,
КР7_2.pdf,118,187584,1589.7,0.0,OK,
КР169_2.pdf,53,84293,1590.4,0.019,OK,
КР63_2.pdf,52,82709,1590.6,0.019,OK,
КР543_3.pdf,83,132076,1591.3,0.0,OK,
КР70_2.pdf,140,222877,1592.0,0.007,OK,
КР641_2.pdf,91,145033,1593.8,0.022,OK,
КР948_1.pdf,73,116531,1596.3,0.027,OK,
КР51_2.pdf,71,113442,1597.8,0.014,OK,
КР816_1.pdf,59,94279,1597.9,0.0,OK,
КР980_1.pdf,121,193343,1597.9,0.0,OK,
КР1022_1.pdf,37,59193,1599.8,0.027,OK,
КР14_3.pdf,41,65593,1599.8,0.024,OK,
КР945_1.pdf,102,163235,1600.3,0.0,OK,
КР359_3.pdf,203,324888,1600.4,0.0,OK,
КР1041_1.pdf,156,249714,1600.7,0.026,OK,
КР1015_1.pdf,55,88122,1602.2,0.018,OK,
КР69_2.pdf,72,115485,1604.0,0.028,OK,
КР1039_1.pdf,157,252089,1605.7,0.006,OK,
КР400_2.pdf,107,171820,1605.8,0.019,OK,
КР120_2.pdf,110,176659,1606.0,0.009,OK,
КР665_2.pdf,51,81904,1606.0,0.0,OK,
КР995_1.pdf,77,123720,1606.8,0.013,OK,
КР621_3.pdf,56,89991,1607.0,0.018,OK,
КР536_3.pdf,31,49857,1608.3,0.0,OK,
КР761_1.pdf,71,114188,1608.3,0.014,OK,
КР187_3.pdf,37,59511,1608.4,0.054,OK,
КР318_2.pdf,76,122266,1608.8,0.013,OK,
КР515_3.pdf,89,143352,1610.7,0.011,OK,
КР160_2.pdf,172,277081,1610.9,0.006,OK,
КР62_3.pdf,220,354461,1611.2,0.005,OK,
КР631_2.pdf,77,124073,1611.3,0.0,OK,
КР1029_1.pdf,40,64468,1611.7,0.05,OK,
КР714_2.pdf,108,174140,1612.4,0.009,OK,
КР358_3.pdf,91,146741,1612.5,0.0,OK,
КР1004_1.pdf,67,108082,1613.2,0.03,OK,
КР550_3.pdf,83,133928,1613.6,0.024,OK,
КР749_2.pdf,98,158169,1614.0,0.02,OK,
КР873_1.pdf,58,93612,1614.0,0.017,OK,
КР863_1.pdf,49,79119,1614.7,0.061,OK,
КР54_3.pdf,244,394426,1616.5,0.004,OK,
КР823_1.pdf,54,87432,1619.1,0.019,OK,
КР265_3.pdf,100,161977,1619.8,0.02,OK,
КР732_2.pdf,78,126470,1621.4,0.013,OK,
КР283_2.pdf,198,321229,1622.4,0.005,OK,
КР698_2.pdf,55,89302,1623.7,0.0,OK,
КР878_1.pdf,79,128283,1623.8,0.025,OK,
КР640_2.pdf,51,82841,1624.3,0.039,OK,
КР237_6.pdf,95,154433,1625.6,0.011,OK,
КР830_1.pdf,65,105761,1627.1,0.0,OK,
КР288_2.pdf,90,146461,1627.3,0.0,OK,
КР580_3.pdf,60,97663,1627.7,0.017,OK,
КР156_2.pdf,237,385881,1628.2,0.008,OK,
КР724_2.pdf,81,131887,1628.2,0.025,OK,
КР651_2.pdf,43,70019,1628.3,0.023,OK,
КР164_2.pdf,92,149835,1628.6,0.011,OK,
КР341_2.pdf,128,208643,1630.0,0.008,OK,
КР1032_1.pdf,53,86461,1631.3,0.057,OK,
КР699_2.pdf,70,114190,1631.3,0.029,OK,
КР159_2.pdf,188,307062,1633.3,0.011,OK,
КР121_2.pdf,65,106174,1633.4,0.0,OK,
КР874_1.pdf,64,104551,1633.6,0.031,OK,
КР888_1.pdf,62,101352,1634.7,0.0,OK,
КР688_2.pdf,40,65410,1635.2,0.0,OK,
КР496_2.pdf,161,263384,1635.9,0.006,OK,
КР467_3.pdf,103,168578,1636.7,0.0,OK,
КР897_1.pdf,84,137506,1637.0,0.012,OK,
КР292_2.pdf,74,121193,1637.7,0.027,OK,
КР574_1.pdf,83,135987,1638.4,0.048,OK,
КР165_2.pdf,78,127855,1639.2,0.051,OK,
КР64_2.pdf,68,111474,1639.3,0.029,OK,
КР1023_1.pdf,60,98394,1639.9,0.017,OK,
КР137_2.pdf,147,241376,1642.0,0.041,OK,
КР80_2.pdf,67,110024,1642.1,0.0,OK,
КР806_1.pdf,71,116675,1643.3,0.014,OK,
КР1014_1.pdf,64,105193,1643.6,0.031,OK,
КР1020_1.pdf,116,190792,1644.8,0.009,OK,
КР787_1.pdf,67,110249,1645.5,0.03,OK,
КР997_1.pdf,54,88922,1646.7,0.037,OK,
КР547_3.pdf,103,169671,1647.3,0.01,OK,
КР960_1.pdf,386,636011,1647.7,0.003,OK,
КР391_3.pdf,104,171488,1648.9,0.01,OK,
КР656_2.pdf,43,70929,1649.5,0.0,OK,
КР395_3.pdf,72,118810,1650.1,0.028,OK,
КР1028_1.pdf,187,308941,1652.1,0.011,OK,
КР161_2.pdf,77,127261,1652.7,0.026,OK,
КР655_2.pdf,52,85946,1652.8,0.019,OK,
КР919_1.pdf,159,263016,1654.2,0.031,OK,
КР964_1.pdf,75,124141,1655.2,0.04,OK,
КР53_2.pdf,178,294941,1657.0,0.0,OK,
КР671_2.pdf,39,64674,1658.3,0.0,OK,
КР745_2.pdf,49,81256,1658.3,0.0,OK,
КР492_2.pdf,103,170851,1658.7,0.01,OK,
КР462_2.pdf,53,87975,1659.9,0.0,OK,
КР39_3.pdf,58,96299,1660.3,0.017,OK,
КР256_2.pdf,138,229132,1660.4,0.014,OK,
КР876_1.pdf,110,182768,1661.5,0.018,OK,
КР639_2.pdf,94,156432,1664.2,0.032,OK,
КР841_1.pdf,55,91551,1664.6,0.036,OK,
КР1031_1.pdf,71,118240,1665.4,0.028,OK,
КР904_1.pdf,81,134913,1665.6,0.0,OK,
КР1010_1.pdf,56,93346,1666.9,0.036,OK,
КР743_2.pdf,85,141707,1667.1,0.024,OK,
КР616_1.pdf,98,163386,1667.2,0.02,OK,
КР981_1.pdf,67,111758,1668.0,0.015,OK,
КР731_2.pdf,49,81761,1668.6,0.0,OK,
КР835_1.pdf,79,131925,1669.9,0.013,OK,
КР554_4.pdf,142,237148,1670.1,0.021,OK,
КР837_1.pdf,88,147007,1670.5,0.023,OK,
КР994_1.pdf,88,147001,1670.5,0.011,OK,
КР1025_1.pdf,88,147068,1671.2,0.023,OK,
КР821_1.pdf,76,127127,1672.7,0.0,OK,
КР880_1.pdf,73,122115,1672.8,0.014,OK,
КР1_4.pdf,74,123845,1673.6,0.0,OK,
КР926_1.pdf,81,135740,1675.8,0.012,OK,
КР141_2.pdf,106,177704,1676.5,0.009,OK,
КР941_1.pdf,30,50373,1679.1,0.0,OK,
КР721_2.pdf,43,72278,1680.9,0.0,OK,
КР327_3.pdf,48,80786,1683.0,0.0,OK,
КР914_1.pdf,65,109478,1684.3,0.031,OK,
КР737_2.pdf,87,146605,1685.1,0.023,OK,
КР466_3.pdf,144,242702,1685.4,0.007,OK,
КР613_2.pdf,142,239369,1685.7,0.0,OK,
КР6_2.pdf,95,160278,1687.1,0.032,OK,
КР593_3.pdf,118,199157,1687.8,0.008,OK,
КР637_2.pdf,74,124937,1688.3,0.0,OK,
КР846_1.pdf,71,119868,1688.3,0.014,OK,
КР972_1.pdf,27,45628,1689.9,0.037,OK,
КР638_2.pdf,78,131894,1690.9,0.0,OK,
КР730_2.pdf,76,128713,1693.6,0.026,OK,
КР594_3.pdf,98,166113,1695.0,0.0,OK,
КР1001_1.pdf,84,142446,1695.8,0.012,OK,
КР963_1.pdf,68,115328,1696.0,0.015,OK,
КР691_2.pdf,58,98510,1698.4,0.034,OK,
КР476_3.pdf,105,178412,1699.2,0.01,OK,
КР493_3.pdf,84,142807,1700.1,0.0,OK,
КР899_1.pdf,75,127660,1702.1,0.027,OK,
КР459_2.pdf,176,299614,1702.4,0.0,OK,
КР843_1.pdf,120,204502,1704.2,0.017,OK,
КР877_1.pdf,91,155170,1705.2,0.011,OK,
КР57_3.pdf,46,78450,1705.4,0.022,OK,
КР609_2.pdf,86,146801,1707.0,0.0,OK,
КР826_1.pdf,139,237437,1708.2,0.007,OK,
КР100_2.pdf,97,165707,1708.3,0.021,OK,
КР717_2.pdf,102,174363,1709.4,0.01,OK,
КР845_1.pdf,72,123194,1711.0,0.014,OK,
КР154_4.pdf,233,398686,1711.1,0.009,OK,
КР204_2.pdf,34,58210,1712.1,0.029,OK,
КР758_1.pdf,197,337328,1712.3,0.005,OK,
КР49_3.pdf,59,101031,1712.4,0.017,OK,
КР636_2.pdf,55,94192,1712.6,0.0,OK,
КР674_3.pdf,99,169874,1715.9,0.02,OK,
КР795_1.pdf,131,225115,1718.4,0.0,OK,
КР566_2.pdf,68,116864,1718.6,0.015,OK,
КР277_2.pdf,107,183899,1718.7,0.009,OK,
КР855_1.pdf,81,139232,1718.9,0.0,OK,
КР286_3.pdf,201,345544,1719.1,0.0,OK,
КР1000_1.pdf,79,135917,1720.5,0.0,OK,
КР851_1.pdf,73,125698,1721.9,0.014,OK,
КР709_2.pdf,56,96627,1725.5,0.018,OK,
КР970_1.pdf,76,131247,1726.9,0.0,OK,
КР1006_1.pdf,119,205565,1727.4,0.0,OK,
КР24_2.pdf,62,107105,1727.5,0.0,OK,
КР708_2.pdf,69,119343,1729.6,0.0,OK,
КР921_1.pdf,210,363249,1729.8,0.005,OK,
КР1037_1.pdf,91,157421,1729.9,0.011,OK,
КР854_1.pdf,66,114187,1730.1,0.0,OK,
КР592_3.pdf,118,204277,1731.2,0.017,OK,
КР176_2.pdf,94,162763,1731.5,0.0,OK,
КР469_3.pdf,242,419695,1734.3,0.0,OK,
КР87_5.pdf,135,234277,1735.4,0.015,OK,
КР507_3.pdf,130,225912,1737.8,0.0,OK,
КР615_3.pdf,73,126926,1738.7,0.027,OK,
КР998_1.pdf,180,313079,1739.3,0.006,OK,
КР723_2.pdf,90,156649,1740.5,0.0,OK,
КР867_1.pdf,74,128824,1740.9,0.0,OK,
КР763_2.pdf,76,132336,1741.3,0.0,OK,
КР155_2.pdf,155,270548,1745.5,0.006,OK,
КР728_2.pdf,122,213019,1746.1,0.016,OK,
КР882_1.pdf,74,129233,1746.4,0.027,OK,
КР716_1.pdf,301,526476,1749.1,0.007,OK,
КР376_3.pdf,79,138256,1750.1,0.0,OK,
КР138_2.pdf,85,148930,1752.1,0.0,OK,
КР606_3.pdf,333,583559,1752.4,0.012,OK,
КР682_2.pdf,133,233199,1753.4,0.008,OK,
КР850_1.pdf,94,165035,1755.7,0.011,OK,
КР853_1.pdf,82,143964,1755.7,0.0,OK,
КР355_5.pdf,79,138881,1758.0,0.025,OK,
КР757_1.pdf,234,411405,1758.1,0.004,OK,
КР1019_1.pdf,101,177706,1759.5,0.0,OK,
КР687_3.pdf,185,325753,1760.8,0.011,OK,
КР819_1.pdf,59,103890,1760.8,0.0,OK,
КР379_4.pdf,122,214847,1761.0,0.0,OK,
КР678_2.pdf,133,234403,1762.4,0.015,OK,
КР860_1.pdf,73,128901,1765.8,0.0,OK,
КР847_1.pdf,68,120200,1767.6,0.015,OK,
КР372_3.pdf,305,539762,1769.7,0.007,OK,
КР381_3.pdf,48,85027,1771.4,0.0,OK,
КР523_3.pdf,174,308445,1772.7,0.006,OK,
КР759_1.pdf,197,349623,1774.7,0.005,OK,
КР852_1.pdf,60,106605,1776.8,0.0,OK,
КР157_5.pdf,216,384456,1779.9,0.009,OK,
КР43_2.pdf,60,106844,1780.7,0.017,OK,
КР713_2.pdf,179,319014,1782.2,0.073,OK,
КР96_2.pdf,91,162313,1783.7,0.0,OK,
КР1009_1.pdf,72,128652,1786.8,0.028,OK,
КР949_1.pdf,102,182261,1786.9,0.02,OK,
КР488_3.pdf,57,101913,1787.9,0.018,OK,
КР864_1.pdf,83,148758,1792.3,0.0,OK,
КР859_1.pdf,66,118459,1794.8,0.0,OK,
КР870_1.pdf,79,142117,1798.9,0.025,OK,
КР943_1.pdf,40,71981,1799.5,0.025,OK,
КР982_1.pdf,79,142239,1800.5,0.0,OK,
КР868_1.pdf,88,158664,1803.0,0.023,OK,
КР773_1.pdf,98,177154,1807.7,0.031,OK,
КР484_2.pdf,108,195807,1813.0,0.009,OK,
КР30_5.pdf,156,283121,1814.9,0.006,OK,
КР602_2.pdf,66,120388,1824.1,0.0,OK,
КР857_1.pdf,80,146209,1827.6,0.013,OK,
КР66_4.pdf,72,132277,1837.2,0.014,OK,
КР12_3.pdf,124,227995,1838.7,0.016,OK,
КР293_2.pdf,63,116738,1853.0,0.048,OK,
КР741_1.pdf,277,513560,1854.0,0.004,OK,
КР680_2.pdf,178,330231,1855.2,0.006,OK,
КР940_1.pdf,104,194417,1869.4,0.01,OK,
КР273_5.pdf,113,211492,1871.6,0.0,OK,
КР903_1.pdf,54,101148,1873.1,0.0,OK,
КР1005_1.pdf,197,371931,1888.0,0.02,OK,
КР762_1.pdf,149,281818,1891.4,0.013,OK,
КР26_4.pdf,246,467590,1900.8,0.02,OK,
КР1016_1.pdf,95,180617,1901.2,0.011,OK,
КР844_1.pdf,94,181042,1926.0,0.011,OK,
КР744_2.pdf,71,137459,1936.0,0.014,OK,
КР614_3.pdf,111,214998,1936.9,0.009,OK,
КР736_2.pdf,74,145198,1962.1,0.0,OK,
КР747_2.pdf,140,274793,1962.8,0.014,OK,
КР22_3.pdf,65,128068,1970.3,0.046,OK,
КР477_2.pdf,308,607689,1973.0,0.003,OK,
КР569_2.pdf,212,420512,1983.5,0.005,OK,
КР88_5.pdf,120,239790,1998.2,0.008,OK,
КР479_2.pdf,252,508030,2016.0,0.016,OK,
КР923_1.pdf,56,113036,2018.5,0.018,OK,
КР814_1.pdf,385,804399,2089.3,0.003,OK,
КР1021_1.pdf,44,92372,2099.4,0.045,OK,
КР715_2.pdf,178,374854,2105.9,0.006,OK,
КР79_2.pdf,143,304462,2129.1,0.007,OK,
КР958_1.pdf,74,157569,2129.3,0.014,OK,
КР5_3.pdf,60,131796,2196.6,0.017,OK,
КР193_2.pdf,130,288318,2217.8,0.0,OK,
КР999_1.pdf,73,162508,2226.1,0.014,OK,
КР968_1.pdf,85,202410,2381.3,0.012,OK,
КР534_3.pdf,34,84260,2478.2,0.029,OK,
КР584_2.pdf,45,125433,2787.4,0.0,OK,
КР374_3.pdf,39,112123,2874.9,0.0,OK,
